{
  "deepseek-r1": {
    "natural_acc": 0.4374692959046702,
    "wagering_acc": 0.5693547800679769,
    "mirror_gap": 0.13865967771169382,
    "tii": 0.174623854164426,
    "cce_mixed": 0.510952380952381,
    "ai_wager": -0.06521793623307078,
    "sar": 0.4658525890158165,
    "ars": 0.9609375,
    "fdr": 0.13333333333333333,
    "ssr": 0.023489259184902658,
    "cfr_c1": 0.3873456790123457,
    "kdi": -0.0278
  },
  "deepseek-v3": {
    "natural_acc": 0.39198051948051943,
    "wagering_acc": 0.6591836734693879,
    "mirror_gap": 0.2672031539888683,
    "tii": 0.16710374649358087,
    "cce_mixed": 0.5130232558139535,
    "ai_wager": 0.007142857142857143,
    "sar": 0.4605263157894737,
    "ars": 0.9825290084388185,
    "fdr": 1.0,
    "ssr": 0.9712643678160919,
    "cfr_c1": null,
    "kdi": null
  },
  "gemini-2.5-pro": {
    "natural_acc": 0.2349421820010055,
    "wagering_acc": 0.2981214616572311,
    "mirror_gap": 0.07429039076733666,
    "tii": null,
    "cce_mixed": null,
    "ai_wager": 0.013100369458128081,
    "sar": 2.968877968877968,
    "ars": null,
    "fdr": 0.0,
    "ssr": null,
    "cfr_c1": null,
    "kdi": null
  },
  "gemma-3-12b": {
    "natural_acc": 0.4493135914506882,
    "wagering_acc": 0.6092809008945591,
    "mirror_gap": 0.1599673094438709,
    "tii": null,
    "cce_mixed": 0.5,
    "ai_wager": 0.1716950629779577,
    "sar": 0.8899496753627724,
    "ars": 0.9889734679238322,
    "fdr": 1.0,
    "ssr": 6.166666666666666,
    "cfr_c1": null,
    "kdi": null
  },
  "gemma-3-27b": {
    "natural_acc": 0.4865625,
    "wagering_acc": 0.6262244897959183,
    "mirror_gap": 0.14966198979591838,
    "tii": 0.15424263460636095,
    "cce_mixed": 0.6669767441860466,
    "ai_wager": 0.0,
    "sar": null,
    "ars": 0.959743328623537,
    "fdr": 1.0,
    "ssr": 1.9112903225806455,
    "cfr_c1": 0.6875,
    "kdi": -0.2711
  },
  "gpt-oss-120b": {
    "natural_acc": 0.2797776526039016,
    "wagering_acc": 0.4409315630490166,
    "mirror_gap": 0.1611539104451151,
    "tii": 0.17327038833920488,
    "cce_mixed": 0.6884000000000001,
    "ai_wager": -0.00013528138528138517,
    "sar": -0.0,
    "ars": 0.9905327741534637,
    "fdr": 1.0,
    "ssr": 1.0909090909090908,
    "cfr_c1": 0.6568405139833712,
    "kdi": -0.1359
  },
  "kimi-k2": {
    "natural_acc": 0.4836224489795918,
    "wagering_acc": 0.6749999999999999,
    "mirror_gap": 0.19137755102040815,
    "tii": 0.01904449927685644,
    "cce_mixed": 0.887456140350877,
    "ai_wager": 0.003472222222222222,
    "sar": 1.125,
    "ars": 0.9841440328257682,
    "fdr": 0.9259259259259259,
    "ssr": 0.9688581314878894,
    "cfr_c1": 0.625,
    "kdi": -0.2553
  },
  "llama-3.1-405b": {
    "natural_acc": 0.3916411907377792,
    "wagering_acc": 0.4641535519821934,
    "mirror_gap": 0.10214622852130198,
    "tii": 0.06216492186896303,
    "cce_mixed": 0.5,
    "ai_wager": 0.0,
    "sar": null,
    "ars": null,
    "fdr": 1.0,
    "ssr": 3.1048387096774195,
    "cfr_c1": 0.6132897603485838,
    "kdi": -0.3563
  },
  "llama-3.1-70b": {
    "natural_acc": 0.4135416666666667,
    "wagering_acc": 0.5010416666666666,
    "mirror_gap": 0.2125,
    "tii": 0.04879007304292132,
    "cce_mixed": 0.551304347826087,
    "ai_wager": 0.08364680309431413,
    "sar": 2.0133119582147603,
    "ars": 0.9475818452380953,
    "fdr": 0.8375,
    "ssr": 2.0955882352941178,
    "cfr_c1": 0.5501089324618736,
    "kdi": -0.1681
  },
  "llama-3.1-8b": {
    "natural_acc": 0.3875,
    "wagering_acc": 0.5322916666666667,
    "mirror_gap": 0.18645833333333334,
    "tii": 0.10668443875074463,
    "cce_mixed": 0.8071428571428568,
    "ai_wager": 0.0,
    "sar": null,
    "ars": 0.9368055555555556,
    "fdr": 1.0,
    "ssr": 4.4226190476190474,
    "cfr_c1": 0.7865961199294532,
    "kdi": -0.1389
  },
  "llama-3.2-3b": {
    "natural_acc": 0.42634032634032637,
    "wagering_acc": 0.5771433427683428,
    "mirror_gap": 0.17925234487734484,
    "tii": null,
    "cce_mixed": 0.5767441860465116,
    "ai_wager": -0.078125,
    "sar": 2.12,
    "ars": 0.9816927083333333,
    "fdr": 1.0,
    "ssr": 3.5428571428571427,
    "cfr_c1": null,
    "kdi": null
  },
  "llama-3.3-70b": {
    "natural_acc": 0.4992894984080589,
    "wagering_acc": 0.7666236068895643,
    "mirror_gap": 0.26733410848150546,
    "tii": 0.1002134152394927,
    "cce_mixed": 0.7969767441860466,
    "ai_wager": -0.0016194331983805828,
    "sar": -1.5234374999999747,
    "ars": 0.9742840608465608,
    "fdr": 0.825,
    "ssr": 2.3333333333333335,
    "cfr_c1": 0.5473251028806584,
    "kdi": 0.0489
  },
  "mistral-large": {
    "natural_acc": 0.3485425661499379,
    "wagering_acc": 0.4615593758736394,
    "mirror_gap": 0.11301680972370151,
    "tii": 0.12907509800852748,
    "cce_mixed": 0.9425,
    "ai_wager": null,
    "sar": null,
    "ars": 0.9460032153864391,
    "fdr": 0.6,
    "ssr": 2.111111111111111,
    "cfr_c1": 0.9074074074074074,
    "kdi": -0.0803
  },
  "mixtral-8x22b": {
    "natural_acc": 0.4602272727272727,
    "wagering_acc": 0.5925801849277771,
    "mirror_gap": 0.13625916220050444,
    "tii": null,
    "cce_mixed": 0.6467441860465116,
    "ai_wager": -0.02516025641025641,
    "sar": 0.36305732484076436,
    "ars": 0.9843074235232068,
    "fdr": 1.0,
    "ssr": 1.5999999999999999,
    "cfr_c1": null,
    "kdi": null
  },
  "phi-4": {
    "natural_acc": 0.2792923691215617,
    "wagering_acc": 0.4829852789670167,
    "mirror_gap": 0.22203530114980286,
    "tii": 0.06759239838561563,
    "cce_mixed": 0.9062790697674417,
    "ai_wager": -0.007352941176470588,
    "sar": -0.0,
    "ars": 0.9595763437950937,
    "fdr": 1.0,
    "ssr": 3.3,
    "cfr_c1": 0.7210884353741497,
    "kdi": -0.3041
  },
  "qwen3-next-80b": {
    "natural_acc": 0.4861467497556207,
    "wagering_acc": 0.6378186917249417,
    "mirror_gap": 0.15167194196932102,
    "tii": null,
    "cce_mixed": 0.882418604651163,
    "ai_wager": 0.075,
    "sar": 0.9583333333333333,
    "ars": 0.9559027777777778,
    "fdr": 1.0,
    "ssr": 1.7307692307692308,
    "cfr_c1": null,
    "kdi": null
  }
}