{
  "per_model": {
    "deepseek-r1": {
      "C1": 0.3873456790123457,
      "C2": 0.6789,
      "C3": 0.2927,
      "C4": 0.0
    },
    "gemma-3-27b": {
      "C1": 0.6875,
      "C2": 0.5882,
      "C3": 0.559,
      "C4": 0.5451
    },
    "gpt-oss-120b": {
      "C1": 0.6568405139833712,
      "C2": 0.6242,
      "C3": 0.5584,
      "C4": 0.0
    },
    "kimi-k2": {
      "C1": 0.625,
      "C2": 0.6961,
      "C3": 0.5417,
      "C4": 0.5139
    },
    "llama-3.1-405b": {
      "C1": 0.6132897603485838,
      "C2": 0.378,
      "C3": 0.436,
      "C4": 0.0
    },
    "llama-3.1-70b": {
      "C1": 0.5501089324618736,
      "C2": 0.5104,
      "C3": 0.5238,
      "C4": 0.0
    },
    "llama-3.1-8b": {
      "C1": 0.7865961199294532,
      "C2": 0.5551,
      "C3": 0.5466,
      "C4": 0.0
    },
    "llama-3.3-70b": {
      "C1": 0.5473251028806584,
      "C2": 0.5159,
      "C3": 0.3642,
      "C4": 0.429
    },
    "mistral-large": {
      "C1": 0.9074074074074074,
      "C2": 0.6552,
      "C3": 0.5469,
      "C4": 0.0
    },
    "phi-4": {
      "C1": 0.7210884353741497,
      "C2": 0.6299,
      "C3": 0.5408,
      "C4": 0.6497
    }
  },
  "aggregate": {
    "means": {
      "C1": 0.6482501951397844,
      "C2": 0.58319,
      "C3": 0.49101,
      "C4": 0.21377000000000002
    },
    "ci_lower": {},
    "ci_upper": {},
    "significance_tests": {}
  },
  "n_models": 10,
  "note": "CFR = Confident Failure Rate. C1=Uninformed, C2=Self-Informed, C3=Instructed, C4=Constrained."
}