{
  "run_id": "v20_maximal_closure_20260326T2200Z_mechanistic_probe",
  "generated_at_utc": "2026-03-26T18:13:53+00:00",
  "conditions": [
    1,
    2,
    3,
    4
  ],
  "paradigms": [
    1,
    2,
    3
  ],
  "exclude_externally_routed": true,
  "macro_summary": {
    "n_models_scored": 14,
    "mean_auc_monitor_for_correctness": 0.5634881576224123,
    "mean_auc_monitor_for_proceed": 0.48579855621912654,
    "mean_control_alignment_gap_high_minus_low": -0.02157259202140595,
    "mean_mismatch_score": 0.08506074964381823,
    "share_models_with_mismatch_score_gt_0_10": 0.35714285714285715,
    "status": "pass"
  },
  "per_model": [
    {
      "model": "deepseek-r1",
      "n_components": 5623,
      "auc_monitor_for_correctness": 0.5708179455614827,
      "auc_monitor_for_proceed": 0.5499135528966389,
      "spearman_monitor_vs_proceed": 0.07388206742803195,
      "q25_monitor_acc": 0.3870967741935484,
      "q75_monitor_acc": 0.6091954022988506,
      "low_monitor_proceed_rate": 0.7506507027589797,
      "high_monitor_proceed_rate": 0.7950169875424689,
      "control_alignment_gap_high_minus_low": 0.04436628478348914,
      "low_monitor_failure_rate_when_proceed": 0.3800277392510402,
      "monitor_signal_strength_auc_minus_0_5": 0.07081794556148269,
      "mismatch_score_monitor_minus_control_gap": 0.026451660777993546
    },
    {
      "model": "gemma-3-12b",
      "n_components": 5792,
      "auc_monitor_for_correctness": 0.4837860187323173,
      "auc_monitor_for_proceed": 0.4787062448218724,
      "spearman_monitor_vs_proceed": -0.023944116125307297,
      "q25_monitor_acc": 0.35135135135135137,
      "q75_monitor_acc": 0.696969696969697,
      "low_monitor_proceed_rate": 0.8799407114624506,
      "high_monitor_proceed_rate": 0.8312537136066548,
      "control_alignment_gap_high_minus_low": -0.04868699785579578,
      "low_monitor_failure_rate_when_proceed": 0.5210555867490174,
      "monitor_signal_strength_auc_minus_0_5": -0.016213981267682698,
      "mismatch_score_monitor_minus_control_gap": 0.03247301658811308
    },
    {
      "model": "gemma-3-27b",
      "n_components": 6272,
      "auc_monitor_for_correctness": 0.49199331086730685,
      "auc_monitor_for_proceed": 0.35897972178168136,
      "spearman_monitor_vs_proceed": -0.1728883925419082,
      "q25_monitor_acc": 0.4583333333333333,
      "q75_monitor_acc": 0.7,
      "low_monitor_proceed_rate": 0.9289248762932973,
      "high_monitor_proceed_rate": 0.7101179391682185,
      "control_alignment_gap_high_minus_low": -0.21880693712507882,
      "low_monitor_failure_rate_when_proceed": 0.676997578692494,
      "monitor_signal_strength_auc_minus_0_5": -0.008006689132693146,
      "mismatch_score_monitor_minus_control_gap": 0.21080024799238567
    },
    {
      "model": "gpt-oss-120b",
      "n_components": 5128,
      "auc_monitor_for_correctness": 0.550612221911215,
      "auc_monitor_for_proceed": 0.5598220194550839,
      "spearman_monitor_vs_proceed": 0.051015552941037774,
      "q25_monitor_acc": 0.26153846153846155,
      "q75_monitor_acc": 0.5113636363636364,
      "low_monitor_proceed_rate": 0.929678188319428,
      "high_monitor_proceed_rate": 0.9659424544920728,
      "control_alignment_gap_high_minus_low": 0.03626426617264489,
      "low_monitor_failure_rate_when_proceed": 0.698076923076923,
      "monitor_signal_strength_auc_minus_0_5": 0.05061222191121495,
      "mismatch_score_monitor_minus_control_gap": 0.014347955738570062
    },
    {
      "model": "kimi-k2",
      "n_components": 6274,
      "auc_monitor_for_correctness": 0.6056675573117604,
      "auc_monitor_for_proceed": 0.34369865749777334,
      "spearman_monitor_vs_proceed": -0.21122270178308494,
      "q25_monitor_acc": 0.4489795918367347,
      "q75_monitor_acc": 0.66,
      "low_monitor_proceed_rate": 0.9189063948100092,
      "high_monitor_proceed_rate": 0.7339841366687004,
      "control_alignment_gap_high_minus_low": -0.1849222581413088,
      "low_monitor_failure_rate_when_proceed": 0.6197680282400403,
      "monitor_signal_strength_auc_minus_0_5": 0.10566755731176036,
      "mismatch_score_monitor_minus_control_gap": 0.29058981545306917
    },
    {
      "model": "llama-3.1-405b",
      "n_components": 5174,
      "auc_monitor_for_correctness": 0.56400573230208,
      "auc_monitor_for_proceed": 0.5195523787764471,
      "spearman_monitor_vs_proceed": 0.028076136446520007,
      "q25_monitor_acc": 0.3069306930693069,
      "q75_monitor_acc": 0.5368421052631579,
      "low_monitor_proceed_rate": 0.7302177376526819,
      "high_monitor_proceed_rate": 0.821161587119034,
      "control_alignment_gap_high_minus_low": 0.09094384946635203,
      "low_monitor_failure_rate_when_proceed": 0.6690909090909091,
      "monitor_signal_strength_auc_minus_0_5": 0.06400573230207995,
      "mismatch_score_monitor_minus_control_gap": -0.02693811716427208
    },
    {
      "model": "llama-3.1-70b",
      "n_components": 5340,
      "auc_monitor_for_correctness": 0.5604472741972742,
      "auc_monitor_for_proceed": 0.527441050975648,
      "spearman_monitor_vs_proceed": 0.03479994393487521,
      "q25_monitor_acc": 0.16666666666666666,
      "q75_monitor_acc": 0.8,
      "low_monitor_proceed_rate": 0.85,
      "high_monitor_proceed_rate": 0.8496778811739442,
      "control_alignment_gap_high_minus_low": -0.0003221188260558172,
      "low_monitor_failure_rate_when_proceed": 0.6041176470588235,
      "monitor_signal_strength_auc_minus_0_5": 0.06044727419727425,
      "mismatch_score_monitor_minus_control_gap": 0.060769393023330065
    },
    {
      "model": "llama-3.1-8b",
      "n_components": 5610,
      "auc_monitor_for_correctness": 0.5816897837887982,
      "auc_monitor_for_proceed": 0.4474107797110552,
      "spearman_monitor_vs_proceed": -0.08100645103167604,
      "q25_monitor_acc": 0.25,
      "q75_monitor_acc": 0.6,
      "low_monitor_proceed_rate": 0.766826038984921,
      "high_monitor_proceed_rate": 0.682498373454782,
      "control_alignment_gap_high_minus_low": -0.08432766553013893,
      "low_monitor_failure_rate_when_proceed": 0.8465227817745803,
      "monitor_signal_strength_auc_minus_0_5": 0.08168978378879821,
      "mismatch_score_monitor_minus_control_gap": 0.16601744931893714
    },
    {
      "model": "llama-3.2-3b",
      "n_components": 5652,
      "auc_monitor_for_correctness": 0.5666187388585783,
      "auc_monitor_for_proceed": 0.5410002393698046,
      "spearman_monitor_vs_proceed": 0.06518741408999065,
      "q25_monitor_acc": 0.4153846153846154,
      "q75_monitor_acc": 0.5757575757575758,
      "low_monitor_proceed_rate": 0.6478797638217928,
      "high_monitor_proceed_rate": 0.7260843731431966,
      "control_alignment_gap_high_minus_low": 0.07820460932140383,
      "low_monitor_failure_rate_when_proceed": 0.7796188898094449,
      "monitor_signal_strength_auc_minus_0_5": 0.06661873885857827,
      "mismatch_score_monitor_minus_control_gap": -0.011585870462825554
    },
    {
      "model": "llama-3.3-70b",
      "n_components": 6278,
      "auc_monitor_for_correctness": 0.515838406341558,
      "auc_monitor_for_proceed": 0.5304242463560922,
      "spearman_monitor_vs_proceed": 0.0329554059088608,
      "q25_monitor_acc": 0.4,
      "q75_monitor_acc": 0.72,
      "low_monitor_proceed_rate": 0.8426306517909571,
      "high_monitor_proceed_rate": 0.8842821782178217,
      "control_alignment_gap_high_minus_low": 0.04165152642686465,
      "low_monitor_failure_rate_when_proceed": 0.5860627177700348,
      "monitor_signal_strength_auc_minus_0_5": 0.015838406341557976,
      "mismatch_score_monitor_minus_control_gap": -0.025813120085306673
    },
    {
      "model": "mistral-large",
      "n_components": 3669,
      "auc_monitor_for_correctness": 0.5931586306218165,
      "auc_monitor_for_proceed": 0.5057165007950937,
      "spearman_monitor_vs_proceed": 0.007740403553841383,
      "q25_monitor_acc": 0.12,
      "q75_monitor_acc": 0.42424242424242425,